id,pop,tot_germ,seed1,awn1,seed2,awn2,seed3,awn3,seed4,awn4,seed5,awn5,avg_seed,avg_awn,awn_seed,awn_seed1,awn_seed2,awn_seed3,awn_seed4,awn_seed5,avg_awn_seed
9,2,0.714285714,12.23,7.77,13.93,8.29,11.87,7.36,12.83,7.35,13.66,8.71,12.904,7.896,0.611903286,0.635322976,0.595118449,0.620050548,0.572876072,0.637628111,0.734579888
17,2,0.857142857,8.25,4.95,8.91,4.31,9.93,5.97,10.2,6.58,10.49,6.61,9.556,5.684,0.594809544,0.6,0.48372615,0.601208459,0.645098039,0.630123928,0.710993224
63,2,0.857142857,13.93,7.92,10.17,5.67,11.45,6.2,11.59,5.99,11.91,6.08,11.81,6.372,0.53954276,0.568557071,0.557522124,0.541484716,0.516824849,0.510495382,0.646885381
139,2,1,13.19,6.94,13.56,7.92,12.93,7.83,13.83,7.18,12.84,8.47,13.27,7.668,0.577844763,0.526156179,0.584070796,0.605568445,0.519161244,0.659657321,0.69449175
149,2,0.857142857,10.34,4.98,13.05,7.67,8.96,4.23,13.28,7.04,14.6,8.07,12.046,6.398,0.531130666,0.481624758,0.587739464,0.472098214,0.530120482,0.552739726,0.631090662
155,2,1,10.5,6.06,12.75,6.9,11.75,6.73,12.14,7.13,12.22,7.86,11.872,6.936,0.584231806,0.577142857,0.541176471,0.572765957,0.587314662,0.643207856,0.701167922
165,2,1,9.98,6.26,9.43,4.91,10.09,5.81,10.29,5.84,9.74,5.42,9.906,5.648,0.570159499,0.627254509,0.520678685,0.575817641,0.567541302,0.556468172,0.683583962
185,2,1,13.83,9.49,13.62,8.57,13.26,7.68,13.34,7.63,12.46,6.89,13.302,8.052,0.605322508,0.686189443,0.629221733,0.57918552,0.571964018,0.552969502,0.724970545
199,2,0.857142857,13.83,7.07,13.3,7.44,13.12,8.21,13.2,8.26,11.87,6.57,13.064,7.51,0.574862217,0.51120752,0.559398496,0.625762195,0.625757576,0.553496209,0.690096843
300,2,0.857142857,11.96,7.91,12.05,7.57,11.58,6.75,11.84,7.61,11.64,6.75,11.814,7.318,0.619434569,0.661371237,0.628215768,0.582901554,0.642736486,0.579896907,0.742911304
29,3,0.571428571,12.49,7.37,14.43,8.56,13.67,7.55,13.34,7.74,12.66,7.37,13.318,7.718,0.579516444,0.590072058,0.593208593,0.552304316,0.580209895,0.582148499,0.695491961
73,3,0.857142857,13.6,8.76,15.72,10.43,12.12,7.23,12.34,4.98,11.27,6.07,13.01,7.494,0.576018447,0.644117647,0.663486005,0.596534653,0.40356564,0.538598048,0.684464088
119,3,1,10.86,6.81,11.71,8.17,15.52,10.62,12.68,8.21,14.21,9.34,12.996,8.63,0.664050477,0.627071823,0.697694278,0.684278351,0.647476341,0.657283603,0.795570975
140,3,1,13.23,8.28,13.19,8.09,12.82,8.06,14.81,9.23,13.7,8.29,13.55,8.39,0.619188192,0.62585034,0.613343442,0.628705148,0.623227549,0.605109489,0.743084832
164,3,0.857142857,13.33,8.2,12.57,7.49,14.45,8.7,13.01,7.86,14.36,9.13,13.544,8.276,0.611045481,0.615153788,0.595863166,0.602076125,0.604150653,0.635793872,0.732816617
230,3,0.857142857,14.4,9.04,11.15,6.92,13.93,9.03,12.02,7.18,13.43,8.04,12.986,8.042,0.619282304,0.627777778,0.620627803,0.648241206,0.59733777,0.598659717,0.742385316
233,3,0.714285714,14.2,8.98,15.3,9.8,15.49,9.97,11.48,6.83,13.53,8.27,14,8.77,0.626428571,0.632394366,0.640522876,0.643641059,0.594947735,0.611234294,0.74983378
256,3,1,10.79,5.79,12.21,6.95,10.74,6.18,13.45,8.33,14.41,8.72,12.32,7.194,0.583928571,0.53660797,0.569205569,0.575418994,0.619330855,0.605135323,0.697925457
291,3,1,14.44,9.61,14.59,9.65,13.53,7.95,12.61,7.7,13.4,8.34,13.714,8.65,0.630742307,0.665512465,0.661411926,0.587583149,0.610626487,0.62238806,0.755652879
304,3,1,11.35,6.2,11.63,5.8,11.03,5.92,10.87,6.08,10.41,5.21,11.058,5.842,0.528305299,0.546255507,0.498710232,0.536718042,0.559337626,0.500480307,0.633961403
23,4,0.571428571,9.05,3.42,8.41,2.81,9.34,4.26,9.63,4.77,9.72,4.52,9.23,3.956,0.428602384,0.377900552,0.33412604,0.456102784,0.495327103,0.465020576,0.511415888
30,4,0.857142857,8.79,3.9,5.68,1.45,7.37,2.65,8.48,3.08,7.06,2.95,7.476,2.806,0.375334403,0.443686007,0.25528169,0.359565807,0.363207547,0.417847025,0.442984496
48,4,0.142857143,14.31,9.01,13.59,8.03,14.71,8.47,13.94,8.67,14.53,8.87,14.216,8.61,0.605655599,0.62962963,0.590875644,0.575798776,0.62195122,0.610461115,0.726874397
79,4,0.714285714,10.21,4.65,9.13,5.17,9.09,5.37,10.06,4.26,9.39,3.73,9.576,4.636,0.484126984,0.455435847,0.56626506,0.590759076,0.423459245,0.397231097,0.583455462
130,4,0.714285714,16.6,11.19,14.97,8.29,16.22,10.29,18.49,11.11,15.12,10.3,16.28,10.236,0.628746929,0.674096386,0.553774215,0.634401973,0.600865333,0.681216931,0.754620353
153,4,0.571428571,12.45,7.32,13.1,7.46,12.82,7.14,14.09,8.89,14.04,8.28,13.3,7.818,0.587819549,0.587951807,0.569465649,0.556942278,0.630943932,0.58974359,0.704573361
173,4,0.857142857,17.32,10.94,14.53,10.35,16.19,9.81,14.5,8.96,17.57,9.84,16.022,9.98,0.622893521,0.631639723,0.712319339,0.605929586,0.617931034,0.560045532,0.750151747
237,4,0.714285714,11.33,6.45,14.2,8.78,13.96,8.96,13.21,7.92,12.92,7.28,13.124,7.878,0.600274307,0.569285084,0.618309859,0.641833811,0.599545799,0.563467492,0.71854327
286,4,0.714285714,12.41,7.92,12.61,6.8,12.64,7.23,13.08,6.53,10.95,5.74,12.338,6.844,0.554709029,0.638195004,0.53925456,0.571993671,0.499235474,0.524200913,0.66551773
305,4,0.857142857,13,7.02,11.78,6.81,12.19,6.57,14.61,8.83,12.36,7.03,12.788,7.252,0.567094151,0.54,0.578098472,0.538966366,0.604380561,0.568770227,0.679461955
12,5,0.857142857,12.11,7.61,12.95,8.98,14.08,9.12,14.51,9.5,13.53,9.25,13.436,8.892,0.661804108,0.628406276,0.693436293,0.647727273,0.654720882,0.683665928,0.793952152
178,5,0.571428571,13.42,8.62,14.34,8.22,14.54,9.97,14.88,8.79,14.95,9.9,14.426,9.1,0.63080549,0.642324888,0.573221757,0.685694635,0.590725806,0.662207358,0.756995987
218,5,1,9.08,4.39,10.54,5.39,10.53,5.06,10.29,6.09,11.5,5.78,10.388,5.342,0.514247208,0.483480176,0.511385199,0.480531814,0.591836735,0.502608696,0.616817966
241,5,1,11.64,6.03,12.74,8.32,11.09,6.71,11.81,7.04,12.15,7.42,11.886,7.104,0.59767794,0.518041237,0.653061224,0.605049594,0.596104996,0.610699588,0.716126916
245,5,0.714285714,12.91,7.56,14.18,8.4,12.36,6.87,13.81,7.57,12.33,6.66,13.118,7.412,0.565025156,0.585592564,0.592383639,0.555825243,0.548153512,0.540145985,0.67742522
271,5,1,12.57,7.03,11.36,6.29,11.53,6.37,12.17,7.12,12.46,7.49,12.018,6.86,0.570810451,0.559268099,0.553697183,0.552471813,0.585045193,0.601123596,0.684483267
274,5,0.857142857,11.86,5.68,12.76,7.4,11.41,6.3,11.47,6.72,10.99,6.51,11.698,6.522,0.557531202,0.478920742,0.579937304,0.552147239,0.585876199,0.592356688,0.669353875
277,5,0.714285714,9.21,4.99,11.98,7.16,11.34,6,12.26,7.64,9.36,4.33,10.83,6.024,0.556232687,0.541802389,0.597662771,0.529100529,0.623164763,0.462606838,0.662113995
282,5,0.714285714,13.42,8.2,13.55,8.22,13.33,7.99,12.02,6.86,11.31,6.67,12.726,7.588,0.596259626,0.611028316,0.606642066,0.59939985,0.570715474,0.58974359,0.714757784
302,5,0.857142857,10.71,5.82,11.57,7.29,11.27,6.88,12.56,7.99,11.46,6.67,11.514,6.93,0.601875977,0.543417367,0.630077787,0.610470275,0.636146497,0.582024433,0.720802467
51,6,0.857142857,13.78,9.09,11.97,8.25,12.52,7.03,12.91,8.6,12.05,7.19,12.646,8.032,0.635141547,0.659651669,0.689223058,0.561501597,0.666150271,0.596680498,0.761669728
64,6,1,14.33,9.81,12.86,7.81,14.28,9.26,14.77,9.84,11.76,7.43,13.6,8.83,0.649264706,0.684577809,0.607309487,0.648459384,0.666215301,0.631802721,0.777525882
97,6,0.857142857,13.27,8.96,12.69,8.77,14,8.14,13.35,8,10.34,5.67,12.73,7.908,0.621209741,0.675207234,0.691095351,0.581428571,0.599250936,0.548355899,0.743309547
98,6,0.857142857,13.54,9.09,13.29,8.32,11.81,6.67,13.71,8.74,13.51,8.53,13.172,8.27,0.627846948,0.671344165,0.626034612,0.564775614,0.637490883,0.63138416,0.751775276
99,6,0.714285714,13.08,7.15,14.47,9.12,14.47,9.6,16.11,11.06,14.27,9.34,14.48,9.254,0.639088398,0.546636086,0.630269523,0.663441603,0.686530106,0.654519972,0.764097137
107,6,0.857142857,NA,NA,NA,NA,NA,NA,NA,NA,NA,NA,NA,NA,NA,NA,NA,NA,NA,NA,NA
249,6,0.857142857,17.19,10.75,17.92,12.32,17.05,11.15,14.7,10.56,17.85,11.9,16.942,11.336,0.669106363,0.625363583,0.6875,0.653958944,0.718367347,0.666666667,0.804192581
252,6,0.714285714,12.62,6.62,15.23,9.3,10.38,6.32,13.72,8.37,12.44,8.17,12.878,7.756,0.602267433,0.524564184,0.610636901,0.608863198,0.610058309,0.656752412,0.722628487
279,6,1,NA,NA,NA,NA,NA,NA,NA,NA,NA,NA,NA,NA,NA,NA,NA,NA,NA,NA,NA
281,6,1,14.17,9.06,12.97,7.42,13.37,7.01,12.57,7.3,13.87,8.42,13.39,7.842,0.585660941,0.63937897,0.572089437,0.524308153,0.580747812,0.607065609,0.701850184
7,9,1,11.53,6.24,11.54,6.62,15.18,9.84,12.97,8.13,10.73,6.13,12.39,7.392,0.596610169,0.541196878,0.573656846,0.648221344,0.626831149,0.571295433,0.711562364
15,9,1,14.33,10.02,12.69,8.13,12.3,7.19,14.07,9.89,11.55,7.67,12.988,8.58,0.660609794,0.69923238,0.640661939,0.584552846,0.702914001,0.664069264,0.790408045
39,9,0.714285714,11.34,7.59,12.6,7.15,14.35,8.91,12.14,8.27,11.55,6.79,12.396,7.742,0.624556308,0.669312169,0.567460317,0.620905923,0.68121911,0.587878788,0.750266523
52,9,0.857142857,10.11,7,11.96,7.87,12.39,7.59,13.57,8.77,9.55,5.66,11.516,7.378,0.640673845,0.692383778,0.658026756,0.612590799,0.646278556,0.592670157,0.768524778
172,9,0.857142857,13.96,8.78,11.4,6.61,14.31,9.19,11.14,6.38,13.02,8.06,12.766,7.804,0.611311296,0.628939828,0.579824561,0.642208246,0.572710952,0.619047619,0.7308085
177,9,1,10.99,7.02,11.14,5.13,12.21,7.38,11.1,5.54,10.91,4.89,11.27,5.992,0.531677019,0.638762511,0.460502693,0.604422604,0.499099099,0.448212649,0.636535315
210,9,1,12.65,7.59,11.81,6.87,12.22,7.18,10.05,5.1,9.8,5.85,11.306,6.518,0.576508049,0.6,0.581710415,0.587561375,0.507462687,0.596938776,0.69003626
214,9,1,15.66,11.58,13.83,8.18,15.75,9.75,14.85,9.78,14.43,9.39,14.904,9.736,0.65324745,0.739463602,0.591467824,0.619047619,0.658585859,0.650727651,0.782508001
244,9,1,10.46,5.6,10.67,5.54,8.94,3.91,9.53,5.05,10.41,5.37,10.002,5.094,0.50929814,0.535372849,0.519212746,0.437360179,0.529905561,0.515850144,0.609399924
278,9,1,12.84,8.32,12.68,8.05,12.02,7.78,12.12,7.25,14.59,8.66,12.85,8.012,0.623501946,0.647975078,0.634858044,0.647254576,0.598184818,0.593557231,0.749066339
1,10,1,7.42,2.7,7.8,3.67,8.19,4.78,8.52,3.47,5.41,1.47,7.468,3.218,0.430905196,0.363881402,0.470512821,0.583638584,0.407276995,0.271719039,0.505586807
56,10,1,7.9,3.42,8.33,2.81,7.84,3.27,7.71,3.6,8.91,3.82,8.138,3.384,0.415826985,0.432911392,0.337334934,0.417091837,0.46692607,0.428731762,0.499764596
58,10,1,15.97,10.81,16.31,9.2,13.42,8.16,16.71,11.33,13.87,8.99,15.256,9.698,0.635684321,0.676894177,0.564071122,0.60804769,0.678037104,0.6481615,0.762179183
74,10,0.428571429,12.92,7.69,14.65,9.04,11.47,5.45,13.49,7.94,12.56,7.49,13.018,7.522,0.577815333,0.595201238,0.617064846,0.475152572,0.588584136,0.59633758,0.690031141
157,10,1,16.56,10.64,12.29,6.42,13.37,7.04,11.25,5.75,14.81,9.12,13.656,7.794,0.570738137,0.642512077,0.522375915,0.526551982,0.511111111,0.615800135,0.677817872
201,10,0.857142857,12.03,6.73,15.87,10.42,14.82,8.99,13.15,7.33,13.23,8.07,13.82,8.308,0.601157742,0.559434746,0.656584751,0.606612686,0.557414449,0.609977324,0.71823634
219,10,1,8.06,3.75,7.03,1.85,6.72,1.65,8.38,3.1,8.25,4.28,7.688,2.926,0.380593132,0.465260546,0.263157895,0.245535714,0.369928401,0.518787879,0.448652713
235,10,0.714285714,13.45,7.73,13.75,8.44,12.8,8.03,15.3,8.7,14.05,8.08,13.87,8.196,0.590915645,0.57472119,0.613818182,0.62734375,0.568627451,0.575088968,0.710103037
238,10,0.857142857,12.97,7.51,12.95,7.68,15.09,8.62,12.05,7.6,11.39,7.03,12.89,7.688,0.596431342,0.579028527,0.593050193,0.571239231,0.630705394,0.617208077,0.717532553
257,10,1,8.73,3.68,8.23,3.14,9.77,4.27,7.34,2.28,7.59,2.55,8.332,3.184,0.382141143,0.421534937,0.381530984,0.437052201,0.310626703,0.335968379,0.453770869
26,11,0.857142857,9.3,4.72,9.51,5.25,10.09,5.79,11.17,6.74,9.73,4.94,9.96,5.488,0.551004016,0.507526882,0.552050473,0.573835481,0.60340197,0.507708119,0.659105388
37,11,1,14.07,8.32,12.98,7.87,13.78,8.46,13.17,8.2,14.86,10.09,13.772,8.588,0.623584084,0.591329069,0.606317411,0.613933237,0.622627183,0.679004038,0.747359004
62,11,1,12.28,6.67,12.19,6.5,12.59,6.64,12.94,7.28,12.17,6.97,12.434,6.812,0.547852662,0.543159609,0.533223954,0.527402701,0.5625966,0.572719803,0.657391066
83,11,0.714285714,11.15,6.05,9.99,5.87,11.36,6.42,10.55,5.78,11.73,7.09,10.956,6.242,0.569733479,0.542600897,0.587587588,0.565140845,0.547867299,0.604433078,0.683472637
84,11,1,14.77,9.52,14.36,8.35,12.69,7.77,14.42,9.91,13.69,9.01,13.986,8.912,0.637208637,0.644549763,0.581476323,0.612293144,0.687239945,0.658144631,0.764182489
122,11,1,12.64,7.96,11.83,7.25,12.1,7.24,11.38,6.94,14.17,8.73,12.424,7.624,0.613650998,0.629746835,0.61284869,0.598347107,0.609841828,0.616090332,0.736105158
131,11,1,11.66,7.04,15.19,10.6,15.51,10.08,15.09,10.12,13.1,7.92,14.11,9.152,0.648618001,0.603773585,0.697827518,0.649903288,0.67064281,0.604580153,0.775069071
146,11,0.857142857,14.39,9.58,14.38,9.56,14.96,9.6,13.67,9.37,12.41,7.35,13.962,9.092,0.651196104,0.665740097,0.664812239,0.64171123,0.685442575,0.592264303,0.78023331
275,11,1,12.92,7.68,12.25,7.04,12.99,9.16,13.82,8.54,13.95,10.21,13.186,8.526,0.646594873,0.594427245,0.574693878,0.705157814,0.617945007,0.731899642,0.774143692
280,11,0.714285714,11.11,6.19,13.29,8.36,11.88,7.15,11.47,6.36,11.9,7.03,11.93,7.018,0.588264878,0.557155716,0.629044394,0.601851852,0.554489974,0.590756303,0.704312623
2,13,0.428571429,9.67,4.77,11.55,5.89,15.23,9.26,12.66,7.67,11,5.28,12.022,6.574,0.54683081,0.49327818,0.50995671,0.608010506,0.605845182,0.48,0.648784277
45,13,0.714285714,9.97,5.02,10.24,4.37,9.48,5.37,9.33,4.87,8.33,4.31,9.47,4.788,0.505596621,0.503510532,0.426757813,0.566455696,0.521972133,0.517406963,0.608339951
70,13,0.714285714,13.78,9.15,10.98,5.46,11.72,7.46,12.49,6.83,11.03,6.59,12,7.098,0.5915,0.664005806,0.49726776,0.636518771,0.54683747,0.597461469,0.706718255
123,13,1,17.88,11.91,18.3,11.94,12.7,6.9,17.22,10.69,15.88,9.65,16.396,10.218,0.623200781,0.666107383,0.652459016,0.543307087,0.620789779,0.60768262,0.742709333
125,13,0.857142857,16.91,12.18,11.44,6.71,12.61,7.25,13.18,7.73,14.49,9.98,13.726,8.77,0.638933411,0.720283856,0.586538462,0.574940523,0.586494689,0.688750863,0.759188361
135,13,0.714285714,17.64,11.65,16.71,9.67,16.76,11.02,15.56,8.76,11.94,7.91,15.722,9.802,0.623457575,0.660430839,0.578695392,0.6575179,0.562982005,0.662479062,0.749112555
175,13,0.714285714,16.99,10.19,17.89,10.68,17.67,11.28,16.9,11.49,16.65,9.98,17.22,10.724,0.622764228,0.599764567,0.596981554,0.638370119,0.679881657,0.599399399,0.747432305
180,13,0.714285714,11.02,5.81,9.98,4.58,10.88,6.04,10.01,4.78,9.96,4.75,10.37,5.192,0.500675024,0.52722323,0.458917836,0.555147059,0.477522478,0.476907631,0.599278651
200,13,0.857142857,15.54,10.05,14.16,8.82,14.15,8.72,14.08,9.05,12.34,6.63,14.054,8.654,0.615767753,0.646718147,0.622881356,0.616254417,0.642755682,0.537277147,0.7363309
240,13,0.857142857,11.53,6.41,10.24,5.85,13.55,9.62,14.11,8.66,16,10.42,13.086,8.192,0.626012532,0.555941023,0.571289063,0.7099631,0.613749114,0.65125,0.745640966
4,15,1,11,6.62,12.98,7.99,11.1,6.47,10.93,6.79,11.16,6.25,11.434,6.824,0.596816512,0.601818182,0.615562404,0.582882883,0.621225984,0.560035842,0.715668361
14,15,0.857142857,11.62,6.36,11.91,6.08,11.81,6.62,12.22,7.06,11.87,6.79,11.886,6.582,0.553760727,0.547332186,0.510495382,0.560541914,0.577741408,0.572030329,0.664380389
46,15,0.714285714,16.67,10.09,17.34,11.31,15.54,9.4,15.63,8.8,16.53,10.06,16.342,9.932,0.607759148,0.605278944,0.652249135,0.604890605,0.563019834,0.608590442,0.728357622
88,15,0.714285714,13.75,8.45,13.82,9.04,12.82,8.25,13.5,9.4,13.56,8.47,13.49,8.722,0.646553002,0.614545455,0.654124457,0.643525741,0.696296296,0.624631268,0.775935244
106,15,0.857142857,14.24,7.97,14.89,9.18,14.59,8.45,15.8,9.95,14.82,8.39,14.868,8.788,0.591068066,0.559691011,0.616521155,0.579163811,0.629746835,0.566126856,0.708463547
113,15,1,11.94,6.54,12.51,6.26,11.84,6.48,12.84,6.78,9.94,5.03,11.814,6.218,0.5263247,0.547738693,0.50039968,0.547297297,0.528037383,0.506036217,0.631166794
152,15,1,15.8,9.56,15.58,9.72,16.8,11.49,15.03,8.51,15.53,8.7,15.748,9.596,0.609347219,0.605063291,0.623876765,0.683928571,0.566200931,0.560206053,0.729724566
197,15,0.857142857,9.6,5.11,11.57,7.65,10.93,6.62,10.92,6.69,10.86,5.84,10.776,6.382,0.592242019,0.532291667,0.66119274,0.605672461,0.612637363,0.537753223,0.708357894
236,15,1,13.09,7.4,17.17,11.22,15.87,8.94,15.2,9.2,14.52,8.45,15.17,9.042,0.596044825,0.565317036,0.653465347,0.563327032,0.605263158,0.581955923,0.713074664
310,15,1,7.13,2.73,7.6,2.22,7.86,3.48,6.93,4.05,8.2,3.58,7.544,3.212,0.425768823,0.382889201,0.292105263,0.442748092,0.584415584,0.436585366,0.512902466
3,16,0.857142857,9.77,5.43,11.06,6.76,8.42,4.3,9.67,5.48,10.94,6.18,9.972,5.63,0.564580826,0.555783009,0.611211573,0.510688836,0.566701138,0.564899452,0.674772967
35,16,0.571428571,9.95,6.5,9.2,5.04,9.84,3.47,12.91,8.01,8.89,5.02,10.158,5.608,0.552077181,0.653266332,0.547826087,0.352642276,0.620449264,0.564679415,0.658188111
85,16,0.714285714,12.9,7.12,12.59,8.14,10.86,5.79,11.73,6.41,11.62,7.85,11.94,7.062,0.591457286,0.551937984,0.646544877,0.533149171,0.546462063,0.67555938,0.709022153
105,16,1,14.58,9.05,12.3,8.05,12.05,7.12,13.21,7.83,11.51,5.76,12.73,7.562,0.594029851,0.620713306,0.654471545,0.590871369,0.592732778,0.500434405,0.710650651
110,16,1,8.04,4.04,8.55,4.3,8.59,5.23,6.95,3.04,8.28,4.37,8.082,4.196,0.519178421,0.502487562,0.502923977,0.608847497,0.437410072,0.527777778,0.619725061
134,16,1,11.93,6.12,8.75,4.43,12.61,7.4,13.81,7.7,12.46,7.1,11.912,6.55,0.549865682,0.512992456,0.506285714,0.586835845,0.55756698,0.569823435,0.656674022
215,16,0.714285714,12.73,7.41,11.37,7.01,10.79,5.93,12.15,7.64,11.22,6.88,11.652,6.974,0.598523859,0.582089552,0.616534741,0.549582947,0.628806584,0.613190731,0.717745683
262,16,1,10.84,4.84,9.46,5.19,9.04,4.65,9.07,4.76,9.63,4.66,9.608,4.82,0.501665279,0.446494465,0.548625793,0.514380531,0.524807056,0.483904465,0.603975518
276,16,1,11.52,6.99,12.32,7.41,10.45,5.88,9.2,4.79,10.45,6.71,10.788,6.356,0.589173155,0.606770833,0.601461039,0.562679426,0.520652174,0.642105263,0.704568378
299,16,0.857142857,9.06,4.01,8.91,3.62,9.26,4.56,9.25,4.15,8.91,3.53,9.078,3.974,0.437761622,0.442604857,0.406285073,0.492440605,0.448648649,0.396184063,0.524784973
19,17,1,10.88,6.61,9.92,5.88,9.76,5.3,9.84,6.44,10.91,6.32,10.262,6.11,0.595400507,0.607536765,0.592741935,0.543032787,0.654471545,0.57928506,0.71449372
31,17,1,10.61,5.89,12.65,6.48,10.08,5.13,10.97,6.33,10.45,7.07,10.952,6.18,0.564280497,0.555136664,0.512252964,0.508928571,0.577028259,0.676555024,0.678836396
34,17,1,14.1,8.04,10.78,5.52,13.56,8.18,14.26,9.88,13.67,8.66,13.274,8.056,0.606900708,0.570212766,0.512059369,0.603244838,0.692847125,0.633504023,0.723753766
112,17,1,13.55,8.56,13.05,7.72,13.93,8.11,13.99,7.91,13.41,8.31,13.586,8.122,0.597821287,0.631734317,0.591570881,0.582196698,0.56540386,0.619686801,0.717682769
150,17,1,12.79,8.07,12.63,8.34,12.94,8.91,12.4,8.1,12.08,7.66,12.568,8.216,0.653723743,0.630961689,0.660332542,0.688562597,0.653225806,0.63410596,0.784182467
154,17,1,13.41,8.76,12.88,7.39,13.97,8.76,12.51,9.01,12.34,8.62,13.022,8.508,0.653355859,0.653243848,0.573757764,0.627057981,0.720223821,0.698541329,0.785236121
162,17,1,12.53,7.23,11.45,6.68,11.52,7.56,10.65,6.81,13.99,8.05,12.028,7.266,0.604090456,0.577015164,0.583406114,0.65625,0.63943662,0.575411008,0.727121872
225,17,0.857142857,9.75,5.32,11.65,6.64,9.84,6.08,12.16,7.38,11.35,7.14,10.95,6.512,0.594703196,0.545641026,0.569957082,0.617886179,0.606907895,0.62907489,0.712834053
228,17,0.857142857,12.26,7.84,12.59,7.78,13.18,7.49,11.19,6.93,11.4,6.12,12.124,7.232,0.596502804,0.639477977,0.617950755,0.568285281,0.619302949,0.536842105,0.715672374
288,17,0.285714286,15.54,9.72,12.9,7.38,12.98,7.58,11.2,5.83,15.45,10.26,13.614,8.154,0.598942265,0.625482625,0.572093023,0.583975347,0.520535714,0.66407767,0.713021329
82,18,0.428571429,16.24,11.13,13.65,7.42,15.45,9.63,13.77,8.77,12.49,6.58,14.32,8.706,0.607960894,0.685344828,0.543589744,0.623300971,0.636891794,0.526821457,0.724781937
101,18,0.571428571,14.89,9.22,16.19,9.59,15.83,10.45,17.68,10.9,13.82,8.66,15.682,9.764,0.622624665,0.619207522,0.592340951,0.660138977,0.616515837,0.626628075,0.747491205
108,18,0.714285714,10.37,5.55,10.75,6.31,9.83,4.71,8.95,4.88,10.3,5.66,10.04,5.422,0.540039841,0.535197686,0.586976744,0.479145473,0.545251397,0.549514563,0.647225141
126,18,0.285714286,8.76,4,9.33,3.96,9.11,4.45,9.98,4.38,9.61,5.03,9.358,4.364,0.466338961,0.456621005,0.424437299,0.488474204,0.438877756,0.523413111,0.559632467
133,18,0.285714286,8.85,3.03,7.42,2.06,7.76,2.27,8.36,3.41,7.84,2.76,8.046,2.706,0.336316182,0.342372881,0.277628032,0.292525773,0.407894737,0.352040816,0.401755684
142,18,0.428571429,13.62,8.91,10.28,6.58,12.23,8.29,11.36,6.76,12.04,7.48,11.906,7.604,0.638669578,0.654185022,0.640077821,0.677841374,0.595070423,0.621262458,0.765421335
163,18,0.428571429,11.16,6.6,12.1,7.27,13.13,8.55,12.48,7.16,12.2,6.8,12.214,7.276,0.595709841,0.591397849,0.600826446,0.651180503,0.573717949,0.557377049,0.714041927
186,18,0.428571429,9.05,5.14,9.17,5.49,10.37,5.85,9.46,4.82,10.43,6.41,9.696,5.542,0.571575908,0.567955801,0.598691385,0.56412729,0.509513742,0.614573346,0.685287494
209,18,0.571428571,10.22,5.44,8.31,4.04,8.71,3.76,9.5,4.4,8.34,3.63,9.016,4.254,0.471827862,0.532289628,0.486161252,0.431687715,0.463157895,0.435251799,0.56407523
232,18,0.714285714,8.32,3.14,8.28,3.06,8.54,3.61,8.14,3.59,7.84,2.35,8.224,3.15,0.383025292,0.377403846,0.369565217,0.422716628,0.441031941,0.299744898,0.458697564
18,19,1,13.2,8.82,10.75,7.1,12.82,8.12,13.67,9.61,12.07,8.95,12.502,8.52,0.681490961,0.668181818,0.660465116,0.633385335,0.702999268,0.741507871,0.817606074
68,19,1,12.92,6.78,12.34,6.91,13.13,8.15,13.53,8.08,13.77,8.81,13.138,7.746,0.589587456,0.524767802,0.559967585,0.620715918,0.597191426,0.639796659,0.706405369
76,19,0.857142857,9.36,5.64,11.35,7.11,10.35,5.95,11.06,6.84,9.04,5.25,10.232,6.158,0.601837373,0.602564103,0.626431718,0.574879227,0.618444846,0.580752212,0.720981896
77,19,0.857142857,14.17,8.37,12.87,8.22,12.8,7.92,13.29,7.3,13.56,8.65,13.338,8.092,0.606687659,0.590684545,0.638694639,0.61875,0.549285177,0.637905605,0.728401525
92,19,1,13.7,7.71,13.53,8.58,14.23,9.33,13.75,8.38,11.69,6.69,13.38,8.138,0.608221226,0.562773723,0.634146341,0.655657063,0.609454545,0.572284003,0.72850738
187,19,1,13.53,8.78,12.64,7.36,13.43,8.21,13.38,8.32,13.24,8.24,13.244,8.182,0.617789188,0.648928307,0.582278481,0.611317945,0.621823617,0.622356495,0.740898807
191,19,1,10.71,4.98,11.28,6.82,10.51,6.3,11.55,6.26,12.08,6.67,11.226,6.206,0.552823802,0.464985994,0.604609929,0.599429115,0.541991342,0.552152318,0.6631985
196,19,1,11.43,7.29,12.24,7.35,9.85,5.7,12.71,7.21,11.36,5.87,11.518,6.684,0.580309081,0.637795276,0.600490196,0.578680203,0.567269866,0.516725352,0.696253995
272,19,1,11.83,7.01,11.41,7.03,12.32,7.11,11.63,6.43,11.98,7.3,11.834,6.976,0.589487916,0.592561285,0.616126205,0.57711039,0.552880482,0.609348915,0.707503038
273,19,1,16.49,10.85,15.02,10,16.97,11.97,15.32,10.37,15.33,9.37,15.826,10.512,0.66422343,0.65797453,0.665778961,0.705362404,0.67689295,0.61121983,0.796290421
44,20,1,13.46,7.79,11.97,6.67,9.72,5.47,11.16,8,11.35,6.72,11.532,6.93,0.600936524,0.578751857,0.557226399,0.562757202,0.716845878,0.592070485,0.721717669
87,20,1,17.28,12.04,17.44,11.91,15.97,10.08,17.35,12.02,12.9,7.79,16.188,10.768,0.665184087,0.696759259,0.682912844,0.631183469,0.692795389,0.603875969,0.794542203
89,20,0.857142857,13.09,7.99,14.88,9.98,12.22,7.09,13.38,8.69,12.99,8.17,13.312,8.384,0.629807692,0.61038961,0.670698925,0.580196399,0.649476831,0.628945343,0.75390296
137,20,0.857142857,15.66,11.25,12.99,7.5,12.49,8.51,14.66,8.95,12.53,7.88,13.666,8.818,0.645250988,0.718390805,0.577367206,0.681345076,0.610504775,0.628890662,0.772349902
193,20,0.857142857,9.66,5.78,8.13,4.35,11.73,6.05,10.96,6.16,7.47,3.04,9.59,5.076,0.529301356,0.598343685,0.535055351,0.515771526,0.562043796,0.406961178,0.629495378
204,20,0.857142857,14.05,8.56,13.69,8.4,13.51,8.74,13.79,8.31,12.59,6.36,13.526,8.074,0.596924442,0.609252669,0.61358656,0.646928201,0.602610587,0.505162828,0.714893057
234,20,1,11.88,7.08,9.87,6.11,11.11,7.12,12.52,7.57,11.04,5.88,11.284,6.752,0.598369373,0.595959596,0.619047619,0.640864086,0.604632588,0.532608696,0.718296391
255,20,1,13.49,8.19,13.78,8.07,14.27,8.58,14.58,8.88,14.79,10.09,14.182,8.762,0.617825412,0.607116383,0.58563135,0.601261388,0.609053498,0.682217715,0.740621149
284,20,1,8.72,4.92,9.36,5.63,8.98,5.04,9.78,5.09,8.95,4.56,9.158,5.048,0.551212055,0.564220183,0.601495726,0.561247216,0.520449898,0.509497207,0.661624457
289,20,0.857142857,14.89,8.81,13.53,8.34,12.63,7.48,13.6,8.31,13.44,8.02,13.618,8.192,0.601556763,0.591672263,0.616407982,0.592240697,0.611029412,0.59672619,0.721926662
10,23,1,9.14,5.58,9.04,4.83,10.27,5.51,10.28,4.38,10.5,5.83,9.846,5.226,0.530773918,0.610503282,0.534292035,0.536514119,0.426070039,0.555238095,0.638678298
90,23,0.714285714,11.75,6.9,12.84,8.27,12.63,7.91,12.05,7.63,12.63,7.5,12.38,7.642,0.617285945,0.587234043,0.644080997,0.626286619,0.633195021,0.593824228,0.74038137
100,23,0.857142857,10.47,6.24,10.26,5.46,11.38,6.73,11.47,6.67,10.49,5.56,10.814,6.132,0.567042722,0.595988539,0.532163743,0.591388401,0.581517001,0.530028599,0.679625801
109,23,1,13.17,8.56,14.02,8.64,12.61,7.53,13.05,8.09,15.05,9.05,13.58,8.374,0.616642121,0.649962035,0.616262482,0.597145123,0.619923372,0.601328904,0.740252807
117,23,1,12.03,6.99,9.75,4.62,11.55,5.64,10.11,4.9,8.43,4.36,10.374,5.302,0.511085406,0.581047382,0.473846154,0.488311688,0.484668645,0.517200474,0.61123195
118,23,1,14.34,8.76,13.91,8.44,14.46,9.41,15.28,10.22,12.64,7.38,14.126,8.842,0.625937987,0.610878661,0.606757728,0.650760719,0.668848168,0.583860759,0.749408804
129,23,1,13.9,8.54,15.17,10.14,14.27,9.07,10.9,5.83,14.59,9.9,13.766,8.696,0.631701293,0.614388489,0.668424522,0.635599159,0.534862385,0.67854695,0.75270456
208,23,1,12.93,8.09,13.28,7.87,10.92,5.52,11.93,7.18,14.87,9.45,12.786,7.622,0.596120757,0.625676721,0.592620482,0.505494505,0.601844091,0.635507734,0.711452858
221,23,1,13.9,9.28,12.4,7.6,11.65,6.06,10.33,5.58,14.23,9.7,12.502,7.644,0.611422172,0.667625899,0.612903226,0.520171674,0.54017425,0.681658468,0.726791138
224,23,1,10.43,5.97,11.12,5.97,11.83,7.74,13.06,7.64,11.49,6.14,11.586,6.692,0.577593648,0.572387344,0.536870504,0.654268808,0.584992343,0.53437772,0.692098073
81,25,1,10.41,5.37,8.69,4.28,9.27,4.57,8.75,4.25,9.12,4.67,9.248,4.628,0.500432526,0.515850144,0.492520138,0.492988134,0.485714286,0.512061404,0.599913326
94,25,0.857142857,12.89,7.74,10.01,5.06,9.42,6.36,10.75,5.77,10.12,4.76,10.638,5.938,0.558187629,0.600465477,0.505494505,0.675159236,0.536744186,0.470355731,0.669281353
138,25,1,12.58,7.79,13.08,7.8,11.56,5.81,12.26,7.06,13.26,7.58,12.548,7.208,0.574434173,0.619236884,0.596330275,0.502595156,0.575856444,0.571644042,0.688019395
156,25,0.571428571,13.03,7.47,12.7,7.47,11.97,6.16,13.5,8.38,12.38,7.71,12.716,7.438,0.584932369,0.573292402,0.588188976,0.514619883,0.620740741,0.622778675,0.700910609
217,25,1,NA,NA,NA,NA,NA,NA,NA,NA,NA,NA,NA,NA,NA,NA,NA,NA,NA,NA,NA
231,25,1,8.24,3.91,7.98,3.2,8.34,4.45,7.42,3.02,8.4,4.22,8.076,3.76,0.465577018,0.474514563,0.401002506,0.533573141,0.407008086,0.502380952,0.556811254
247,25,0.857142857,11.45,6.72,12.96,8.01,11.55,6.52,12.85,7.83,11.19,5.97,12,7.01,0.584166667,0.586899563,0.618055556,0.564502165,0.609338521,0.533512064,0.699294907
259,25,0.857142857,12.52,7.02,12.8,8.1,12.19,7.11,12.96,7.5,12.87,7.48,12.668,7.442,0.587464477,0.560702875,0.6328125,0.583264971,0.578703704,0.581196581,0.704829022
270,25,1,10.79,6.31,10.96,5.66,10.33,5.68,11.43,6.98,10.17,5.08,10.736,5.942,0.553464978,0.584800741,0.516423358,0.549854792,0.610673666,0.499508358,0.662945178
287,25,1,8.84,4.44,9.3,4.17,9.31,4.58,9.57,5.1,9.31,4.81,9.266,4.62,0.498597021,0.502262443,0.448387097,0.491944146,0.532915361,0.516648765,0.598150967
8,26,1,15.79,9.96,15.67,8.86,15.75,10.06,15.29,8.81,15.15,9.65,15.53,9.468,0.609658725,0.630778974,0.565411615,0.638730159,0.576193591,0.636963696,0.731547352
47,26,1,10.42,4.53,9.3,4.31,8.75,3.46,10.21,5.49,8.34,3.63,9.404,4.284,0.455550829,0.434740883,0.46344086,0.395428571,0.537708129,0.435251799,0.544424214
80,26,0.857142857,11.59,6.2,16.12,10.28,12.95,7.16,13.12,7.62,16.25,11.62,14.006,8.576,0.61230901,0.534943917,0.637717122,0.552895753,0.580792683,0.715076923,0.726747082
102,26,1,12.09,6.14,8.54,4.11,13.22,6.62,11.8,6.16,9.9,5.04,11.11,5.614,0.505310531,0.507857734,0.481264637,0.50075643,0.522033898,0.509090909,0.605262828
121,26,1,10.72,4.84,14.9,8.59,10.55,4.56,16.01,9.27,13.19,7.05,13.074,6.862,0.524858498,0.451492537,0.576510067,0.432227488,0.579013117,0.53449583,0.619719507
167,26,1,13.38,7.27,14.26,8.49,13.27,7.45,12.73,6.18,12.42,6.47,13.212,7.172,0.542839843,0.543348281,0.595371669,0.561416729,0.4854674,0.520933977,0.64987558
188,26,1,15.71,10.13,11.72,5.86,13.5,7.33,15.38,9.23,12.66,7.07,13.794,7.924,0.574452661,0.644812222,0.5,0.542962963,0.600130039,0.558451817,0.68416194
203,26,0.714285714,12.67,6.7,13.12,7.32,13.28,7.68,13.75,8.64,11.52,7.25,12.868,7.518,0.584239975,0.528808208,0.557926829,0.578313253,0.628363636,0.629340278,0.701398436
207,26,1,16.2,10.21,12.78,6.52,16.97,9.7,16.1,10.11,13.37,7.69,15.084,8.846,0.586449218,0.630246914,0.510172144,0.571596936,0.627950311,0.575168287,0.700316762
229,26,0.857142857,15.15,9.05,14.34,8.35,14.65,9.19,15.23,9.56,14.07,7.73,14.688,8.776,0.597494553,0.597359736,0.582287308,0.627303754,0.62770847,0.549395878,0.71630994
38,27,1,14.23,8.04,14.44,8.91,14.65,9,13.16,7.09,14.47,8.6,14.19,8.328,0.586892178,0.565003514,0.617036011,0.614334471,0.538753799,0.594333103,0.703270615
40,27,0.857142857,13.8,7.57,10.79,4.8,14,7.89,13.73,6.82,13.37,6.42,13.138,6.7,0.509971076,0.548550725,0.444856348,0.563571429,0.496722505,0.480179506,0.608770318
49,27,0.857142857,14.53,8.83,12.65,6.97,16.48,10.64,17,10.97,13.53,9.01,14.838,9.284,0.625690794,0.60770819,0.550988142,0.645631068,0.645294118,0.665927568,0.748247976
57,27,1,10.47,6.25,10.62,6.72,12.14,8.33,12.55,7.09,9.29,5.25,11.014,6.728,0.610858907,0.596943649,0.632768362,0.68616145,0.564940239,0.565123789,0.731359279
91,27,1,12.35,7.19,13.14,7.89,12.29,6.04,12.03,6.69,10.52,5.84,12.066,6.73,0.557765622,0.582186235,0.600456621,0.491456469,0.556109726,0.55513308,0.66862155
93,27,0.857142857,12.25,6.27,10.38,5.09,12.73,6.91,14.63,9.48,16.39,9.77,13.276,7.504,0.565230491,0.511836735,0.490366089,0.542812255,0.647983595,0.59609518,0.670864869
147,27,0.857142857,15.44,9.64,18,11.19,15.07,8.13,15.67,8.48,15.5,8.75,15.936,9.238,0.579693775,0.624352332,0.621666667,0.539482415,0.541161455,0.564516129,0.694174555
176,27,1,19.99,13.45,15.29,9.53,14.5,8.89,15.62,9.12,14.68,8.78,16.016,9.954,0.621503497,0.672836418,0.623283192,0.613103448,0.583866837,0.598092643,0.742537207
222,27,0.857142857,12.32,7.2,11.65,5.45,12.23,6.28,13.07,8.25,12.98,6.79,12.45,6.794,0.545702811,0.584415584,0.467811159,0.513491415,0.631216526,0.523112481,0.653149995
261,27,1,11.79,5.43,12.72,6.08,8.46,4.36,8.95,4.03,12.66,7.68,10.916,5.516,0.505313302,0.460559796,0.477987421,0.51536643,0.45027933,0.606635071,0.60322827
6,29,0.714285714,12.06,6.8,10.71,6.15,11.31,6.48,13.04,7.8,12.27,7.01,11.878,6.848,0.576528035,0.56384743,0.574229692,0.572944297,0.598159509,0.571312143,0.691404221
75,29,1,12.32,7.85,12.13,8.13,11.11,6.11,10.61,6.32,13.21,7.62,11.876,7.206,0.606769956,0.637175325,0.670239077,0.549954995,0.595664467,0.576835731,0.72732791
78,29,0.428571429,12.75,7.69,12.58,8.18,14.27,7.81,12.94,8.33,13.31,7.59,13.17,7.92,0.601366743,0.603137255,0.650238474,0.547302032,0.64374034,0.570247934,0.723206555
96,29,1,13.62,8.34,13.21,8.99,11.44,6.67,11.98,7.97,12.37,7.28,12.524,7.85,0.626796551,0.612334802,0.680545042,0.583041958,0.665275459,0.588520614,0.751302885
145,29,0.714285714,14.71,8.22,11.77,6.54,11.64,7.25,10.89,5.47,15.17,7.97,12.836,7.09,0.552352758,0.558803535,0.555649958,0.622852234,0.502295684,0.525379038,0.663466641
182,29,1,12.02,6.95,15.55,9.4,14.19,8.47,12.16,8.98,15.44,9.45,13.872,8.65,0.623558247,0.578202995,0.604501608,0.596899225,0.738486842,0.612046632,0.75073911
184,29,0.714285714,15.91,10.26,16.33,11.58,15.64,9.79,14.49,8.77,14.77,7.73,15.428,9.626,0.623930516,0.644877436,0.709124311,0.625959079,0.605244997,0.523358158,0.746498899
242,29,1,14.96,8.61,15.45,8.52,14.86,8.92,15.09,8.2,11.65,6.87,14.402,8.224,0.571031801,0.575534759,0.551456311,0.600269179,0.543406229,0.589699571,0.68627957
250,29,1,14.59,8.85,13.82,8.23,13.56,7.82,14.07,8.27,12.05,5.8,13.618,7.794,0.572330739,0.606579849,0.595513748,0.576696165,0.587775409,0.481327801,0.684044742
297,29,0.857142857,9.91,4.97,10.27,5.57,9.49,5.46,10.6,5.9,9.83,5.15,10.02,5.41,0.53992016,0.501513623,0.542356378,0.575342466,0.556603774,0.523906409,0.647928562
